<?xml version="1.0" encoding="ISO-8859-1"?>
<manifest identifier="CQFaceism" version="1.0" xmlns="http://www.imsproject.org/xsd/imscp_rootv1p1p2" xmlns:adlcp="http://www.adlnet.org/xsd/adlcp_rootv1p2" xmlns:xsi="http://www.w3.org/2001/XMLSchema-instance" xsi:schemaLocation="http://www.imsproject.org/xsd/imscp_rootv1p1p2 imscp_rootv1p1p2.xsd
http://www.imsglobal.org/xsd/imsmd_rootv1p2p1 imsmd_rootv1p2p1.xsd
http://www.adlnet.org/xsd/adlcp_rootv1p2 adlcp_rootv1p2.xsd">
	<metadata>
		<schema>ADL SCORM</schema>
		<schemaversion>1.2</schemaversion>
	</metadata>
	<organizations default="HDLearning">
		<organization identifier="HDLearning">
			<title>Powered Industrial Trucks Training</title>
			<item identifier="quiz1" identifierref="gameshowf" isvisible="true">
				<title>Powered Industrial Trucks Training</title>
				<adlcp:masteryscore>80</adlcp:masteryscore>
			</item>
		</organization>
	</organizations>
	<resources>
		<resource adlcp:scormtype="sco" href="index.htm" identifier="gameshowf" type="webcontent">
		</resource>
	</resources>
</manifest>
